정산월,판매월,유통사,아티스트명,앨범명,곡명,플랫폼,서비스구분,판매횟수,매출,정산금
2024-10,2024-07,라인엠컴퍼니,스원,흘러가야지,흘러가야지,멜론,MelOn스트리밍 클럽/티켓_MP,97,391.99,352.8
2024-10,2024-07,라인엠컴퍼니,Aaron,By my side,By my side,멜론,MelOn스트리밍 클럽/티켓_MP,49,198.01,178.20000000000002
2024-10,2024-07,라인엠컴퍼니,스원,흘러가야지,흘러가야지,멜론,MelOn스트리밍 플러스 클럽/티켓,24,163.47,146.70000000000002
2024-10,2024-07,라인엠컴퍼니,스원,흘러가야지,너의,멜론,MelOn스트리밍 클럽/티켓_MP,33,133.37,119.7
2024-10,2024-07,라인엠컴퍼니,하예지,섬,섬,멜론,MelOn스트리밍 클럽/티켓_MP,12,48.48,43.2
2024-10,2024-07,라인엠컴퍼니,안우,gray,gray,멜론,MelOn스트리밍 플러스 클럽/티켓,7,47.68,43.2
2024-10,2024-07,라인엠컴퍼니,사운드힐즈,방 안에 난 숨었네,방 안에 난 숨었네 (feat. Super Brass),멜론,(기존) MelOn스트리밍 클럽/티켓_MP,11,44.36,39.6
2024-10,2024-07,라인엠컴퍼니,사운드힐즈,방 안에 난 숨었네,다시 너에게 (Reimagined),멜론,MelOn스트리밍 클럽/티켓_MP,8,32.32,28.8
2024-10,2024-07,라인엠컴퍼니,사운드힐즈,야반도주,야반도주,멜론,(기존) MelOn스트리밍 클럽/티켓_MP,7,28.23,25.2
2024-10,2024-07,라인엠컴퍼니,나노말,나노말 디저트!,쥐구멍 (lovecheese),멜론,(기존) MelOn스트리밍 클럽/티켓_SP(모바일),6,26.48,23.400000000000002
2024-10,2024-07,라인엠컴퍼니,안우,gray,gray,멜론,MelOn스트리밍 클럽/티켓_MP,5,20.2,18.0
2024-10,2024-07,라인엠컴퍼니,스원,흘러가야지,흘러가야지,멜론,(기존) MelOn 프리클럽/티켓(스트리밍),7,16.45,14.4
2024-10,2024-07,라인엠컴퍼니,사운드힐즈,방 안에 난 숨었네,방 안에 난 숨었네 (feat. Super Brass),멜론,MelOn스트리밍 클럽/티켓_MP,4,16.16,14.4
2024-10,2024-07,라인엠컴퍼니,나노말,나노말 디저트!,쥐구멍 (lovecheese),멜론,MelOn스트리밍 클럽/티켓_MP,4,16.16,14.4
2024-10,2024-07,라인엠컴퍼니,사운드힐즈,야반도주,야반도주,멜론,MelOn스트리밍 클럽/티켓_MP,4,16.16,14.4
2024-10,2024-07,라인엠컴퍼니,사운드힐즈,야반도주,야반도주,멜론,MelOn스트리밍 플러스 클럽/티켓,2,13.62,12.6
2024-10,2024-07,라인엠컴퍼니,스원,흘러가야지,흘러가야지,멜론,MP3 30 플러스(스트리밍),2,13.28,11.700000000000001
2024-10,2024-07,라인엠컴퍼니,동자동휘,DREAMING BOY,DREAMING BOY,멜론,MelOn스트리밍 클럽/티켓_MP,3,12.12,10.8
2024-10,2024-07,라인엠컴퍼니,사운드힐즈,방 안에 난 숨었네,다시 너에게 (Reimagined),멜론,(기존) MelOn스트리밍 클럽/티켓_MP,3,12.09,10.8
2024-10,2024-07,라인엠컴퍼니,사운드힐즈,방 안에 난 숨었네,방 안에 난 숨었네 (feat. Super Brass),멜론,(기존) 스마트 프리클럽(스트리밍_MP),5,11.41,9.9
2024-10,2024-07,라인엠컴퍼니,사운드힐즈,방 안에 난 숨었네,다시 너에게 (Reimagined),멜론,MelOn스트리밍 클럽/티켓_SP(모바일),3,9.06,8.1
2024-10,2024-07,라인엠컴퍼니,스원,흘러가야지,흘러가야지,멜론,MelOn스트리밍 클럽/티켓_SP(모바일),3,9.06,8.1
2024-10,2024-07,라인엠컴퍼니,동자동휘,DREAMING BOY,DREAMING BOY (Exhibition.ver),멜론,MelOn스트리밍 클럽/티켓_MP,2,8.08,7.2
2024-10,2024-07,라인엠컴퍼니,나노말,나노말 디저트!,Jellybean,멜론,MelOn스트리밍 클럽/티켓_MP,2,8.08,7.2
2024-10,2024-07,라인엠컴퍼니,사운드힐즈,야반도주,기다려 (Reimagined),멜론,(기존) MelOn스트리밍 클럽/티켓_MP,2,8.06,7.2
2024-10,2024-07,라인엠컴퍼니,스원,흘러가야지,흘러가야지,멜론,(기존) MelOn스트리밍 클럽/티켓_MP,2,8.06,7.2
2024-10,2024-07,라인엠컴퍼니,스원,흘러가야지,너의,멜론,MelOn스트리밍 플러스 클럽/티켓,1,6.81,6.3
2024-10,2024-07,라인엠컴퍼니,사운드힐즈,방 안에 난 숨었네,방 안에 난 숨었네 (feat. Super Brass),멜론,MelOn스트리밍 플러스 클럽/티켓,1,6.81,6.3
2024-10,2024-07,라인엠컴퍼니,스원,흘러가야지,흘러가야지,멜론,MP3 10 플러스(스트리밍),1,6.08,5.4
2024-10,2024-07,라인엠컴퍼니,스원,흘러가야지,너의,멜론,MelOn스트리밍 클럽/티켓_SP(모바일),2,6.04,5.4
2024-10,2024-07,라인엠컴퍼니,사운드힐즈,방 안에 난 숨었네,방 안에 난 숨었네 (feat. Super Brass),멜론,MelOn스트리밍 클럽/티켓_SP(모바일),2,6.04,5.4
2024-10,2024-07,라인엠컴퍼니,나노말,나노말 디저트!,Jellybean,멜론,(기존) MP3 40 플러스(스트리밍),2,5.69,5.4
2024-10,2024-07,라인엠컴퍼니,스원,흘러가야지,흘러가야지,멜론,(기존) MP3 30 플러스(스트리밍),2,5.2,4.5
2024-10,2024-07,라인엠컴퍼니,동자동휘,DREAMING BOY,DREAMING BOY,멜론,(기존) MelOn 프리클럽/티켓(스트리밍),2,4.7,4.5
2024-10,2024-07,라인엠컴퍼니,나노말,나노말 디저트!,쥐구멍 (lovecheese),멜론,(기존) 스마트 프리클럽(스트리밍_MP),2,4.56,4.5
2024-10,2024-07,라인엠컴퍼니,스원,흘러가야지,흘러가야지,멜론,(기존) 스마트 프리클럽(스트리밍_MP),2,4.56,4.5
2024-10,2024-07,라인엠컴퍼니,스원,흘러가야지,흘러가야지,멜론,(기존) MelOn스트리밍 클럽/티켓_SP(모바일),1,4.41,3.6
2024-10,2024-07,라인엠컴퍼니,이규소,Roundabout,Roundabout,멜론,MelOn스트리밍 클럽/티켓_MP,1,4.04,3.6
2024-10,2024-07,라인엠컴퍼니,사운드힐즈,야반도주,기다려 (Reimagined),멜론,MelOn스트리밍 클럽/티켓_MP,1,4.04,3.6
2024-10,2024-07,라인엠컴퍼니,사운드힐즈,야반도주,야반도주,멜론,MelOn스트리밍 클럽/티켓_SP(모바일),1,3.02,2.7
2024-10,2024-07,라인엠컴퍼니,사운드힐즈,야반도주,기다려 (Reimagined),멜론,MelOn스트리밍 클럽/티켓_SP(모바일),1,3.02,2.7
2024-10,2024-07,라인엠컴퍼니,나노말,나노말 디저트!,Jellybean,멜론,MelOn스트리밍 클럽/티켓_SP(모바일),1,3.02,2.7
2024-10,2024-07,라인엠컴퍼니,스원,흘러가야지,흘러가야지,멜론,(기존) MP3 50 플러스(스트리밍),1,2.89,2.7
2024-10,2024-07,라인엠컴퍼니,유마,Time Sickness,Time Sickness,멜론,(기존) MP3 30 플러스(스트리밍),1,2.6,2.7
2024-10,2024-07,라인엠컴퍼니,이규소,Roundabout,Roundabout,멜론,(기존) MelOn 프리클럽/티켓(스트리밍),1,2.35,1.8
2024-10,2024-07,라인엠컴퍼니,사운드힐즈,방 안에 난 숨었네,다시 너에게 (Reimagined),멜론,(기존) MelOn 프리클럽/티켓(스트리밍),1,2.35,1.8
2024-10,2024-07,라인엠컴퍼니,사운드힐즈,야반도주,야반도주,멜론,(기존) MelOn 프리클럽/티켓(스트리밍),1,2.35,1.8
2024-10,2024-07,라인엠컴퍼니,나노말,나노말 디저트!,쥐구멍 (lovecheese),멜론,(기존) MelOn 프리클럽/티켓(스트리밍),1,2.35,1.8
2024-10,2024-07,라인엠컴퍼니,스원,흘러가야지,너의,멜론,(기존) MelOn 프리클럽/티켓(스트리밍),1,2.35,1.8
2024-10,2024-07,라인엠컴퍼니,스원,흘러가야지,너의,멜론,(기존) 스마트 프리클럽(스트리밍_MP),1,2.28,1.8
2024-10,2024-07,라인엠컴퍼니,동자동휘,DREAMING BOY,DREAMING BOY,지니,NONE,3,12.0,10.8
2024-10,2024-07,라인엠컴퍼니,Aaron,By my side,By my side,지니,NONE,1,4.76,4.5
2024-10,2024-07,라인엠컴퍼니,사운드힐즈,야반도주,기다려 (Reimagined),지니,NONE,16,75.63,68.4
2024-10,2024-07,라인엠컴퍼니,스원,흘러가야지,너의,지니,NONE,9,53.9,48.6
2024-10,2024-07,라인엠컴퍼니,유마,Sugar Rain,Sugar Rain,지니,NONE,4,27.9,25.2
2024-10,2024-07,라인엠컴퍼니,동자동휘,DREAMING BOY,DREAMING BOY (Exhibition. Ver.),지니,NONE,1,6.97,6.3
2024-10,2024-07,라인엠컴퍼니,사운드힐즈,방 안에 난 숨었네,방 안에 난 숨었네 (Feat. Super Brass),지니,NONE,16,79.59,72.0
2024-10,2024-07,라인엠컴퍼니,사운드힐즈,방 안에 난 숨었네,다시 너에게 (Reimagined),지니,NONE,14,65.6,59.4
2024-10,2024-07,라인엠컴퍼니,안우,gray,gray,지니,NONE,5,25.19,22.5
2024-10,2024-07,라인엠컴퍼니,나노말,나노말 디저트!,쥐구멍 (lovecheese),지니,NONE,2,13.95,12.6
2024-10,2024-07,라인엠컴퍼니,사운드힐즈,야반도주,야반도주,지니,NONE,14,71.04,63.9
2024-10,2024-07,라인엠컴퍼니,스원,흘러가야지,흘러가야지,지니,NONE,3,20.92,18.900000000000002
2024-10,2024-07,라인엠컴퍼니,스원,흘러가야지,흘러가야지,벅스,(2019) 듣기,1,3.0,2.7
2024-10,2024-07,라인엠컴퍼니,유마,Sugar Rain,Sugar Rain,벅스,(2019) 듣기,1,2.0,1.8
2024-10,2024-07,라인엠컴퍼니,안우,gray,gray,벅스,(2019) 듣기,1,2.0,1.8
2024-10,2024-07,라인엠컴퍼니,사운드힐즈,야반도주,야반도주,벅스,(2019) 듣기(IN_APP),1,6.0,5.4
2024-10,2024-07,라인엠컴퍼니,사운드힐즈,야반도주,야반도주,벅스,Basic(스트리밍),1,3.0,2.7
2024-10,2024-07,라인엠컴퍼니,임광균,Unrealtime,Unrealtime,벅스,듣기,1,4.0,3.6
2024-10,2024-07,라인엠컴퍼니,스원,흘러가야지,흘러가야지,벅스,듣기+스마트폰 저장(무제한MR),0,49.0,44.1
2024-10,2024-07,라인엠컴퍼니,스원,흘러가야지,흘러가야지,YG플러스,무제한 음악감상(멀티),1,10.261231,9.0
2024-10,2024-07,라인엠컴퍼니,스원,흘러가야지,흘러가야지,YG플러스,무제한 음악감상(싱글),2,6.273248,5.4
2024-10,2024-07,라인엠컴퍼니,스원,흘러가야지,너의,플로,2019_마케팅_싱글_무제한ST_ST,5,34.6706722995,31.5
2024-10,2024-07,라인엠컴퍼니,스원,흘러가야지,흘러가야지,플로,2019_마케팅_싱글_무제한ST_ST,4,27.7365378396,25.2
2024-10,2024-07,라인엠컴퍼니,스원,흘러가야지,너의,플로,2019_마케팅_멀티_무제한ST_ST,1,4.714484288,4.5
2024-10,2024-07,라인엠컴퍼니,스원,흘러가야지,너의,애플뮤직,Itunes,1,795.304,715.7736
2024-10,2024-07,라인엠컴퍼니,스원,흘러가야지,흘러가야지,애플뮤직,Itunes,1,795.304,715.7736
2024-10,2024-07,라인엠컴퍼니,나노말,나노말 디저트!,Jellybean,애플뮤직,AppleMusic,2,6.877,6.1893
2024-10,2024-07,라인엠컴퍼니,사운드힐즈,야반도주,야반도주,애플뮤직,AppleMusic,2,7.044,6.3396
2024-10,2024-07,라인엠컴퍼니,스원,흘러가야지,너의,애플뮤직,AppleMusic,1,5.889,5.3001000000000005
2024-10,2024-07,라인엠컴퍼니,나노말,나노말 디저트!,lovecheese,애플뮤직,AppleMusic,4,19.177,17.2593
2024-10,2024-07,라인엠컴퍼니,나노말,나노말 디저트!,Jellybean,애플뮤직,AppleMusic,23,109.789,98.8101
2024-10,2024-07,라인엠컴퍼니,나노말,나노말 디저트!,Jellybean,애플뮤직,AppleMusic,1,11.11,9.999
2024-10,2024-07,라인엠컴퍼니,안우,gray,gray,애플뮤직,AppleMusic,4,16.063,14.4567
2024-10,2024-07,라인엠컴퍼니,사운드힐즈,방 안에 난 숨었네,다시 너에게,애플뮤직,AppleMusic,1,3.522,3.1698
2024-10,2024-07,라인엠컴퍼니,동자동휘,DREAMING BOY,DREAMING BOY,애플뮤직,AppleMusic,1,5.889,5.3001000000000005
2024-10,2024-07,라인엠컴퍼니,나노말,나노말 디저트!,lovecheese,애플뮤직,AppleMusic,15,74.191,66.7719
2024-10,2024-07,라인엠컴퍼니,스원,흘러가야지,흘러가야지,애플뮤직,AppleMusic,5,27.437,24.6933
2024-10,2024-07,라인엠컴퍼니,나노말,나노말 디저트!,Jellybean,애플뮤직,AppleMusic,2,11.52,10.368
2024-10,2024-07,라인엠컴퍼니,나노말,나노말 디저트!,lovecheese,애플뮤직,AppleMusic,1,3.438,3.0942000000000003
2024-10,2024-07,라인엠컴퍼니,임광균,Unrealtime,Unrealtime,스포티파이,Streaming,5,7.902,7.111800000000001
2024-10,2024-07,라인엠컴퍼니,임광균,Unrealtime,Unrealtime,스포티파이,Streaming,10,27.92,25.128000000000004
2024-10,2024-07,라인엠컴퍼니,임광균,Unrealtime,Unrealtime,스포티파이,Streaming,5,5.751,5.1759
2024-10,2024-07,라인엠컴퍼니,임광균,Unrealtime,Unrealtime,스포티파이,Streaming,111,267.116,240.40439999999998
2024-10,2024-07,라인엠컴퍼니,임광균,Unrealtime,Unrealtime,스포티파이,Streaming,1,1.526,1.3734
2024-10,2024-07,라인엠컴퍼니,임광균,Unrealtime,Unrealtime,스포티파이,Streaming,1,5.687,5.1183000000000005
2024-10,2024-07,라인엠컴퍼니,임광균,Unrealtime,Unrealtime,스포티파이,Streaming,12,44.357,39.9213
2024-10,2024-07,라인엠컴퍼니,임광균,Unrealtime,Unrealtime,스포티파이,Streaming,1,7.889,7.1001
2024-10,2024-07,라인엠컴퍼니,임광균,Unrealtime,Unrealtime,스포티파이,Streaming,1,6.34,5.706
2024-10,2024-07,라인엠컴퍼니,임광균,Unrealtime,Unrealtime,스포티파이,Streaming,5,24.456,22.0104
2024-10,2024-07,라인엠컴퍼니,임광균,Unrealtime,Unrealtime,스포티파이,Streaming,1,0.473,0.42569999999999997
2024-10,2024-07,라인엠컴퍼니,임광균,Unrealtime,Unrealtime,스포티파이,Streaming,5,5.981,5.3829
2024-10,2024-07,라인엠컴퍼니,임광균,Unrealtime,Unrealtime,스포티파이,Streaming,1,1.788,1.6092
2024-10,2024-07,라인엠컴퍼니,임광균,Unrealtime,Unrealtime,스포티파이,Streaming,1,3.362,3.0258000000000003
2024-10,2024-07,라인엠컴퍼니,임광균,Unrealtime,Unrealtime,스포티파이,Streaming,29,15.161,13.6449
2024-10,2024-07,라인엠컴퍼니,임광균,Unrealtime,Unrealtime,스포티파이,Streaming,3,1.832,1.6488
2024-10,2024-07,라인엠컴퍼니,임광균,Unrealtime,Unrealtime,스포티파이,Streaming,3,0.145,0.1305
2024-10,2024-07,라인엠컴퍼니,임광균,Unrealtime,Unrealtime,스포티파이,Streaming,2,9.829,8.846100000000002
2024-10,2024-07,라인엠컴퍼니,임광균,Unrealtime,Unrealtime,스포티파이,Streaming,2,1.419,1.2771000000000001
2024-10,2024-07,라인엠컴퍼니,임광균,Unrealtime,Unrealtime,스포티파이,Streaming,3,9.789,8.8101
2024-10,2024-07,라인엠컴퍼니,임광균,Unrealtime,Unrealtime,스포티파이,Streaming,1,0.783,0.7047
2024-10,2024-07,라인엠컴퍼니,임광균,Unrealtime,Unrealtime,스포티파이,Streaming,1,6.262,5.6358
2024-10,2024-07,라인엠컴퍼니,임광균,Unrealtime,Unrealtime,스포티파이,Streaming,2,6.823,6.140700000000001
2024-10,2024-07,라인엠컴퍼니,임광균,Unrealtime,Unrealtime,스포티파이,Streaming,4,7.289,6.5601
2024-10,2024-07,라인엠컴퍼니,임광균,Unrealtime,Unrealtime,스포티파이,Streaming,1,2.504,2.2536
2024-10,2024-07,라인엠컴퍼니,임광균,Unrealtime,Unrealtime,스포티파이,Streaming,9,9.102,8.1918
2024-10,2024-07,라인엠컴퍼니,임광균,Unrealtime,Unrealtime,스포티파이,Streaming,1,2.353,2.1177
2024-10,2024-07,라인엠컴퍼니,임광균,Unrealtime,Unrealtime,스포티파이,Streaming,3,8.338,7.504199999999999
2024-10,2024-07,라인엠컴퍼니,임광균,Unrealtime,Unrealtime,스포티파이,Streaming,1,0.652,0.5868
2024-10,2024-07,라인엠컴퍼니,임광균,Unrealtime,Unrealtime,스포티파이,Streaming,10,7.406,6.6654
2024-10,2024-07,라인엠컴퍼니,임광균,Unrealtime,Unrealtime,스포티파이,Streaming,2,2.06,1.854
2024-10,2024-07,라인엠컴퍼니,임광균,Unrealtime,Unrealtime,스포티파이,Streaming,7,29.102,26.1918
2024-10,2024-07,라인엠컴퍼니,임광균,Unrealtime,Unrealtime,스포티파이,Streaming,10,2.073,1.8657
2024-10,2024-07,라인엠컴퍼니,임광균,Unrealtime,Unrealtime,스포티파이,Streaming,2,9.619,8.6571
2024-10,2024-07,라인엠컴퍼니,임광균,Unrealtime,Unrealtime,스포티파이,Streaming,8,14.306,12.875399999999999
2024-10,2024-07,라인엠컴퍼니,임광균,Unrealtime,Unrealtime,스포티파이,Streaming,9,15.545,13.9905
2024-10,2024-07,라인엠컴퍼니,임광균,Unrealtime,Unrealtime,스포티파이,Streaming,4,1.597,1.4373
2024-10,2024-07,라인엠컴퍼니,임광균,Unrealtime,Unrealtime,스포티파이,Streaming,20,28.104,25.2936
2024-10,2024-07,라인엠컴퍼니,임광균,Unrealtime,Unrealtime,스포티파이,Streaming,1,1.413,1.2717
2024-10,2024-07,라인엠컴퍼니,임광균,Unrealtime,Unrealtime,스포티파이,Streaming,10,1.519,1.3671
2024-10,2024-07,라인엠컴퍼니,임광균,Unrealtime,Unrealtime,스포티파이,Streaming,2,5.636,5.0724
2024-10,2024-07,라인엠컴퍼니,임광균,Unrealtime,Unrealtime,스포티파이,Streaming,9,8.802,7.9218
2024-10,2024-07,라인엠컴퍼니,임광균,Unrealtime,Unrealtime,스포티파이,Streaming,21,35.722,32.1498
2024-10,2024-07,라인엠컴퍼니,임광균,Unrealtime,Unrealtime,스포티파이,Streaming,3,5.364,4.8276
2024-10,2024-07,라인엠컴퍼니,임광균,Unrealtime,Unrealtime,스포티파이,Streaming,5,14.195,12.775500000000001
2024-10,2024-07,라인엠컴퍼니,임광균,Unrealtime,Unrealtime,스포티파이,Streaming,14,13.551,12.1959
2024-10,2024-07,라인엠컴퍼니,임광균,Unrealtime,Unrealtime,스포티파이,Streaming,6,10.081,9.0729
2024-10,2024-07,라인엠컴퍼니,임광균,Unrealtime,Unrealtime,스포티파이,Streaming,14,10.368,9.3312
2024-10,2024-07,라인엠컴퍼니,임광균,Unrealtime,Unrealtime,스포티파이,Streaming,81,311.008,279.9072
2024-10,2024-07,라인엠컴퍼니,임광균,Unrealtime,Unrealtime,스포티파이,Streaming,1,6.022,5.4198
2024-10,2024-07,라인엠컴퍼니,임광균,Unrealtime,Unrealtime,스포티파이,Streaming,36,106.911,96.21990000000001
2024-10,2024-07,라인엠컴퍼니,임광균,Unrealtime,Unrealtime,스포티파이,Streaming,1,5.021,4.5189
2024-10,2024-07,라인엠컴퍼니,임광균,Unrealtime,Unrealtime,스포티파이,Streaming,3,7.624,6.8616
2024-10,2024-07,라인엠컴퍼니,임광균,Unrealtime,Unrealtime,스포티파이,Streaming,35,63.609,57.2481
2024-10,2024-07,라인엠컴퍼니,임광균,Unrealtime,Unrealtime,스포티파이,Streaming,1,2.063,1.8567000000000002
2024-10,2024-07,라인엠컴퍼니,임광균,Unrealtime,Unrealtime,스포티파이,Streaming,2,4.481,4.0329
2024-10,2024-07,라인엠컴퍼니,임광균,Unrealtime,Unrealtime,스포티파이,Streaming,1,0.622,0.5598
2024-10,2024-07,라인엠컴퍼니,임광균,Unrealtime,Unrealtime,스포티파이,Streaming,1,0.515,0.4635
2024-10,2024-07,라인엠컴퍼니,임광균,Unrealtime,Unrealtime,스포티파이,Streaming,1,0.201,0.1809
2024-10,2024-07,라인엠컴퍼니,임광균,Unrealtime,Unrealtime,스포티파이,Streaming,1,2.544,2.2896
2024-10,2024-07,라인엠컴퍼니,임광균,Unrealtime,Unrealtime,스포티파이,Streaming,13,30.903,27.8127
2024-10,2024-07,라인엠컴퍼니,임광균,Unrealtime,Unrealtime,스포티파이,Streaming,1,1.788,1.6092
2024-10,2024-07,라인엠컴퍼니,임광균,Unrealtime,Unrealtime,스포티파이,Streaming,6,28.098,25.2882
2024-10,2024-07,라인엠컴퍼니,임광균,Unrealtime,Unrealtime,스포티파이,Streaming,1,1.362,1.2258000000000002
2024-10,2024-07,라인엠컴퍼니,임광균,Unrealtime,Unrealtime,스포티파이,Streaming,12,64.661,58.194900000000004
2024-10,2024-07,라인엠컴퍼니,임광균,Unrealtime,Unrealtime,스포티파이,Streaming,1,5.165,4.6485
2024-10,2024-07,라인엠컴퍼니,임광균,Unrealtime,Unrealtime,스포티파이,Streaming,8,19.178,17.2602
2024-10,2024-07,라인엠컴퍼니,임광균,Unrealtime,Unrealtime,스포티파이,Streaming,1,1.953,1.7577
2024-10,2024-07,라인엠컴퍼니,임광균,Unrealtime,Unrealtime,스포티파이,Streaming,22,16.293,14.6637
2024-10,2024-07,라인엠컴퍼니,임광균,Unrealtime,Unrealtime,스포티파이,Streaming,1,4.273,3.8457
2024-10,2024-07,라인엠컴퍼니,임광균,Unrealtime,Unrealtime,스포티파이,Streaming,1,0.055,0.0495
2024-10,2024-07,라인엠컴퍼니,임광균,Unrealtime,Unrealtime,스포티파이,Streaming,1,0.963,0.8667
2024-10,2024-07,라인엠컴퍼니,임광균,Unrealtime,Unrealtime,스포티파이,Streaming,2,0.613,0.5517
2024-10,2024-07,라인엠컴퍼니,임광균,Unrealtime,Unrealtime,스포티파이,Streaming,1,3.68,3.3120000000000003
2024-10,2024-07,라인엠컴퍼니,임광균,Unrealtime,Unrealtime,스포티파이,Streaming,2,0.033,0.0297
2024-10,2024-07,라인엠컴퍼니,임광균,Unrealtime,Unrealtime,스포티파이,Streaming,2,4.522,4.069800000000001
2024-10,2024-07,라인엠컴퍼니,임광균,Unrealtime,Unrealtime,스포티파이,Streaming,1,0.684,0.6156
2024-10,2024-07,라인엠컴퍼니,임광균,Unrealtime,Unrealtime,스포티파이,Streaming,10,0.604,0.5436
2024-10,2024-07,라인엠컴퍼니,임광균,Unrealtime,Unrealtime,스포티파이,Streaming,1,0.223,0.20070000000000002
2024-10,2024-07,라인엠컴퍼니,임광균,Unrealtime,Unrealtime,스포티파이,Streaming,2,1.279,1.1511
2024-10,2024-07,라인엠컴퍼니,임광균,Unrealtime,Unrealtime,스포티파이,Streaming,2,4.526,4.0734
2024-10,2024-07,라인엠컴퍼니,임광균,Unrealtime,Unrealtime,스포티파이,Streaming,1,0.0,0.0
2024-10,2024-07,라인엠컴퍼니,임광균,Unrealtime,Unrealtime,스포티파이,Streaming,205,195.025,175.5225
2024-10,2024-07,라인엠컴퍼니,임광균,Unrealtime,Unrealtime,스포티파이,Streaming,1,0.0,0.0
2024-10,2024-07,라인엠컴퍼니,임광균,Unrealtime,Unrealtime,스포티파이,Streaming,2,0.127,0.1143
2024-10,2024-07,라인엠컴퍼니,임광균,Unrealtime,Unrealtime,스포티파이,Streaming,1,0.267,0.2403
2024-10,2024-07,라인엠컴퍼니,임광균,Unrealtime,Unrealtime,스포티파이,Streaming,1,0.74,0.666
2024-10,2024-07,라인엠컴퍼니,임광균,Unrealtime,Unrealtime,스포티파이,Streaming,1,0.854,0.7686
2024-10,2024-07,라인엠컴퍼니,임광균,Unrealtime,Unrealtime,스포티파이,Streaming,1,7.382,6.6438
2024-10,2024-07,라인엠컴퍼니,임광균,Unrealtime,Unrealtime,스포티파이,Streaming,1,1.092,0.9828000000000001
2024-10,2024-07,라인엠컴퍼니,임광균,Unrealtime,Unrealtime,스포티파이,Streaming,1,2.659,2.3931
2024-10,2024-07,라인엠컴퍼니,임광균,Unrealtime,Unrealtime,스포티파이,Streaming,3,1.867,1.6803000000000001
2024-10,2024-07,라인엠컴퍼니,임광균,Unrealtime,Unrealtime,스포티파이,Streaming,1,1.211,1.0899
2024-10,2024-07,라인엠컴퍼니,임광균,Unrealtime,Unrealtime,스포티파이,Streaming,1,0.341,0.3069
2024-10,2024-07,라인엠컴퍼니,임광균,Unrealtime,Unrealtime,스포티파이,Streaming,18,9.483,8.5347
2024-10,2024-07,라인엠컴퍼니,임광균,Unrealtime,Unrealtime,스포티파이,Streaming,1,0.345,0.3105
2024-10,2024-07,라인엠컴퍼니,임광균,Unrealtime,Unrealtime,스포티파이,Streaming,2,0.053,0.0477
2024-10,2024-07,라인엠컴퍼니,임광균,Unrealtime,Unrealtime,스포티파이,Streaming,1,0.622,0.5598
2024-10,2024-07,라인엠컴퍼니,임광균,Unrealtime,Unrealtime,스포티파이,Streaming,5,0.239,0.21509999999999999
2024-10,2024-07,라인엠컴퍼니,임광균,Unrealtime,Unrealtime,스포티파이,Streaming,2,6.587,5.9283
2024-10,2024-07,라인엠컴퍼니,임광균,Unrealtime,Unrealtime,스포티파이,Streaming,3,2.116,1.9044
2024-10,2024-07,라인엠컴퍼니,임광균,Unrealtime,Unrealtime,스포티파이,Streaming,75,190.34,171.306
2024-10,2024-07,라인엠컴퍼니,임광균,Unrealtime,Unrealtime,스포티파이,Streaming,1,0.814,0.7325999999999999
2024-10,2024-07,라인엠컴퍼니,임광균,Unrealtime,Unrealtime,스포티파이,Streaming,8,1.125,1.0125
2024-10,2024-07,라인엠컴퍼니,임광균,Unrealtime,Unrealtime,스포티파이,Streaming,1,4.558,4.1022
2024-10,2024-07,라인엠컴퍼니,임광균,Unrealtime,Unrealtime,스포티파이,Streaming,2,3.697,3.3273
2024-10,2024-07,라인엠컴퍼니,임광균,Unrealtime,Unrealtime,스포티파이,Streaming,43,239.565,215.6085
2024-10,2024-07,라인엠컴퍼니,임광균,Unrealtime,Unrealtime,스포티파이,Streaming,1,0.0,0.0
2024-10,2024-07,라인엠컴퍼니,임광균,Unrealtime,Unrealtime,스포티파이,Streaming,13,9.158,8.2422
2024-10,2024-07,라인엠컴퍼니,임광균,Unrealtime,Unrealtime,스포티파이,Streaming,10,20.892,18.8028
2024-10,2024-07,라인엠컴퍼니,임광균,Unrealtime,Unrealtime,스포티파이,Streaming,2,1.92,1.728
2024-10,2024-07,라인엠컴퍼니,임광균,Unrealtime,Unrealtime,스포티파이,Streaming,50,51.615,46.453500000000005
2024-10,2024-07,라인엠컴퍼니,임광균,Unrealtime,Unrealtime,스포티파이,Streaming,2,2.709,2.4381
2024-10,2024-07,라인엠컴퍼니,임광균,Unrealtime,Unrealtime,스포티파이,Streaming,37,0.38,0.342
2024-10,2024-07,라인엠컴퍼니,임광균,Unrealtime,Unrealtime,스포티파이,Streaming,6,10.998,9.8982
2024-10,2024-07,라인엠컴퍼니,임광균,Unrealtime,Unrealtime,스포티파이,Streaming,3,2.726,2.4534000000000002
2024-10,2024-07,라인엠컴퍼니,임광균,Unrealtime,Unrealtime,스포티파이,Streaming,1,2.973,2.6757
2024-10,2024-07,라인엠컴퍼니,임광균,Unrealtime,Unrealtime,스포티파이,Streaming,2,2.694,2.4246
2024-10,2024-07,라인엠컴퍼니,임광균,Unrealtime,Unrealtime,스포티파이,Streaming,13,2.043,1.8387000000000002
2024-10,2024-07,라인엠컴퍼니,임광균,Unrealtime,Unrealtime,스포티파이,Streaming,3,19.005,17.104499999999998
2024-10,2024-07,라인엠컴퍼니,임광균,Unrealtime,Unrealtime,스포티파이,Streaming,2,1.309,1.1781
2024-10,2024-07,라인엠컴퍼니,임광균,Unrealtime,Unrealtime,스포티파이,Streaming,1,6.954,6.2585999999999995
2024-10,2024-07,라인엠컴퍼니,임광균,Unrealtime,Unrealtime,스포티파이,Streaming,3,4.874,4.3866
2024-10,2024-07,라인엠컴퍼니,임광균,Unrealtime,Unrealtime,스포티파이,Streaming,2,0.215,0.1935
2024-10,2024-07,라인엠컴퍼니,임광균,Unrealtime,Unrealtime,스포티파이,Streaming,73,8.95,8.055
2024-10,2024-07,라인엠컴퍼니,임광균,Unrealtime,Unrealtime,스포티파이,Streaming,1,0.041,0.0369
2024-10,2024-07,라인엠컴퍼니,임광균,Unrealtime,Unrealtime,스포티파이,Streaming,2,4.058,3.6522
2024-10,2024-07,라인엠컴퍼니,임광균,Unrealtime,Unrealtime,스포티파이,Streaming,1,1.659,1.4931
2024-10,2024-07,라인엠컴퍼니,임광균,Unrealtime,Unrealtime,스포티파이,Streaming,4,23.039,20.735100000000003
2024-10,2024-07,라인엠컴퍼니,임광균,Unrealtime,Unrealtime,스포티파이,Streaming,1,0.696,0.6264
2024-10,2024-07,라인엠컴퍼니,임광균,Unrealtime,Unrealtime,스포티파이,Streaming,35,123.106,110.7954
2024-10,2024-07,라인엠컴퍼니,임광균,Unrealtime,Unrealtime,스포티파이,Streaming,3,16.271,14.6439
2024-10,2024-07,라인엠컴퍼니,임광균,Unrealtime,Unrealtime,스포티파이,Streaming,12,7.469,6.7221
2024-10,2024-07,라인엠컴퍼니,임광균,Unrealtime,Unrealtime,스포티파이,Streaming,1,5.741,5.1669
2024-10,2024-07,라인엠컴퍼니,임광균,Unrealtime,Unrealtime,스포티파이,Streaming,4,29.831,26.8479
2024-10,2024-07,라인엠컴퍼니,임광균,Unrealtime,Unrealtime,스포티파이,Streaming,1,2.919,2.6271
2024-10,2024-07,라인엠컴퍼니,임광균,Unrealtime,Unrealtime,스포티파이,Streaming,1,2.879,2.5911
2024-10,2024-07,라인엠컴퍼니,임광균,Unrealtime,Unrealtime,스포티파이,Streaming,11,48.933,44.0397
2024-10,2024-07,라인엠컴퍼니,임광균,Unrealtime,Unrealtime,스포티파이,Streaming,7,39.752,35.7768
2024-10,2024-07,라인엠컴퍼니,임광균,Unrealtime,Unrealtime,스포티파이,Streaming,1,2.569,2.3121
2024-10,2024-07,라인엠컴퍼니,임광균,Unrealtime,Unrealtime,스포티파이,Streaming,1,0.949,0.8541
2024-10,2024-07,라인엠컴퍼니,임광균,Unrealtime,Unrealtime,스포티파이,Streaming,39,69.743,62.768699999999995
2024-10,2024-07,라인엠컴퍼니,임광균,Unrealtime,Unrealtime,스포티파이,Streaming,1,0.529,0.4761
2024-10,2024-07,라인엠컴퍼니,임광균,Unrealtime,Unrealtime,스포티파이,Streaming,2,0.001,0.0009000000000000001
2024-10,2024-07,라인엠컴퍼니,임광균,Unrealtime,Unrealtime,스포티파이,Streaming,7,27.733,24.9597
2024-10,2024-07,라인엠컴퍼니,임광균,Unrealtime,Unrealtime,스포티파이,Streaming,15,8.428,7.585200000000001
2024-10,2024-07,라인엠컴퍼니,임광균,Unrealtime,Unrealtime,스포티파이,Streaming,1,0.884,0.7956
2024-10,2024-07,라인엠컴퍼니,임광균,Unrealtime,Unrealtime,스포티파이,Streaming,1,0.74,0.666
2024-10,2024-07,라인엠컴퍼니,임광균,Unrealtime,Unrealtime,스포티파이,Streaming,3,11.136,10.0224
2024-10,2024-07,라인엠컴퍼니,임광균,Unrealtime,Unrealtime,스포티파이,Streaming,1,1.413,1.2717
2024-10,2024-07,라인엠컴퍼니,임광균,Unrealtime,Unrealtime,스포티파이,Streaming,3,1.269,1.1421
2024-10,2024-07,라인엠컴퍼니,임광균,Unrealtime,Unrealtime,스포티파이,Streaming,6,12.771,11.493900000000002
2024-10,2024-07,라인엠컴퍼니,임광균,Unrealtime,Unrealtime,스포티파이,Streaming,1,7.184,6.4656
2024-10,2024-07,라인엠컴퍼니,임광균,Unrealtime,Unrealtime,스포티파이,Streaming,3,6.171,5.5539000000000005
2024-10,2024-07,라인엠컴퍼니,임광균,Unrealtime,Unrealtime,스포티파이,Streaming,1,6.62,5.958
2024-10,2024-07,라인엠컴퍼니,임광균,Unrealtime,Unrealtime,스포티파이,Streaming,7,17.162,15.4458
2024-10,2024-07,라인엠컴퍼니,임광균,Unrealtime,Unrealtime,스포티파이,Streaming,2,1.474,1.3266
2024-10,2024-07,라인엠컴퍼니,임광균,Unrealtime,Unrealtime,스포티파이,Streaming,1,4.256,3.8304000000000005
2024-10,2024-07,라인엠컴퍼니,임광균,Unrealtime,Unrealtime,스포티파이,Streaming,1,0.356,0.3204
2024-10,2024-07,라인엠컴퍼니,임광균,Unrealtime,Unrealtime,스포티파이,Streaming,2,4.826,4.3434
2024-10,2024-07,라인엠컴퍼니,임광균,Unrealtime,Unrealtime,스포티파이,Streaming,23,85.914,77.32260000000001
2024-10,2024-07,라인엠컴퍼니,임광균,Unrealtime,Unrealtime,스포티파이,Streaming,1,1.687,1.5183
2024-10,2024-07,라인엠컴퍼니,임광균,Unrealtime,Unrealtime,스포티파이,Streaming,2,3.576,3.2184
2024-10,2024-07,라인엠컴퍼니,임광균,Unrealtime,Unrealtime,스포티파이,Streaming,3,12.245,11.0205
2024-10,2024-07,라인엠컴퍼니,임광균,Unrealtime,Unrealtime,스포티파이,Streaming,2,2.728,2.4552
2024-10,2024-07,라인엠컴퍼니,임광균,Unrealtime,Unrealtime,스포티파이,Streaming,1,1.213,1.0917000000000001
2024-10,2024-07,라인엠컴퍼니,임광균,Unrealtime,Unrealtime,스포티파이,Streaming,3,0.963,0.8667
2024-10,2024-07,라인엠컴퍼니,임광균,Unrealtime,Unrealtime,스포티파이,Streaming,3,1.867,1.6803000000000001
2024-10,2024-07,라인엠컴퍼니,임광균,Unrealtime,Unrealtime,스포티파이,Streaming,1,2.032,1.8288
2024-10,2024-07,라인엠컴퍼니,임광균,Unrealtime,Unrealtime,스포티파이,Streaming,1,0.644,0.5796
2024-10,2024-07,라인엠컴퍼니,임광균,Unrealtime,Unrealtime,스포티파이,Streaming,1,1.25,1.125
2024-10,2024-07,라인엠컴퍼니,임광균,Unrealtime,Unrealtime,스포티파이,Streaming,14,81.463,73.3167
2024-10,2024-07,라인엠컴퍼니,사운드힐즈,방 안에 난 숨었네,방 안에 난 숨었네,유튜브뮤직,Streams,1,0.181,0.1629
2024-10,2024-07,라인엠컴퍼니,사운드힐즈,방 안에 난 숨었네,방 안에 난 숨었네,유튜브뮤직,Streams,3,0.0,0.0
2024-10,2024-07,라인엠컴퍼니,스원,흘러가야지,흘러가야지,유튜브뮤직,Streams,1,0.0,0.0
2024-10,2024-07,라인엠컴퍼니,동자동휘,DREAMING BOY,DREAMING BOY,유튜브뮤직,Streams,1,6.101,5.4909
2024-10,2024-07,라인엠컴퍼니,사운드힐즈,방 안에 난 숨었네,방 안에 난 숨었네,유튜브뮤직,Streams,41,248.471,223.62390000000002
2024-10,2024-07,라인엠컴퍼니,사운드힐즈,방 안에 난 숨었네,방 안에 난 숨었네,유튜브뮤직,Streams,4,2.796,2.5164
2024-10,2024-07,라인엠컴퍼니,나노말,나노말 디저트!,Jellybean,유튜브뮤직,Streams,7,0.0,0.0
2024-10,2024-07,라인엠컴퍼니,스원,흘러가야지,너의,유튜브뮤직,Streams,2,0.0,0.0
2024-10,2024-07,라인엠컴퍼니,사운드힐즈,야반도주,야반도주,유튜브뮤직,Streams,1,0.0,0.0
2024-10,2024-07,라인엠컴퍼니,스원,흘러가야지,흘러가야지,유튜브뮤직,Streams,20,0.422,0.37979999999999997
2024-10,2024-07,라인엠컴퍼니,동자동휘,DREAMING BOY,DREAMING BOY,유튜브뮤직,Streams,1,0.0,0.0
2024-10,2024-07,라인엠컴퍼니,스원,흘러가야지,흘러가야지,유튜브뮤직,Streams,1,0.0,0.0
2024-10,2024-07,라인엠컴퍼니,스원,흘러가야지,흘러가야지,유튜브뮤직,Streams,1,4.24,3.8160000000000003
2024-10,2024-07,라인엠컴퍼니,나노말,나노말 디저트!,Jellybean,유튜브뮤직,Streams,5,29.37,26.433
2024-10,2024-07,라인엠컴퍼니,사운드힐즈,야반도주,야반도주,유튜브뮤직,Streams,1,2.491,2.2419000000000002
2024-10,2024-07,라인엠컴퍼니,하예지,섬,섬,유튜브뮤직,Streams,1,0.0,0.0
2024-10,2024-07,라인엠컴퍼니,사운드힐즈,방 안에 난 숨었네,다시 너에게,유튜브뮤직,Streams,3,2.097,1.8873
2024-10,2024-07,라인엠컴퍼니,동자동휘,DREAMING BOY,DREAMING BOY,유튜브뮤직,Streams,1,0.0,0.0
2024-10,2024-07,라인엠컴퍼니,나노말,나노말 디저트!,Jellybean,유튜브뮤직,Streams,1,0.0,0.0
2024-10,2024-07,라인엠컴퍼니,하예지,섬,섬,유튜브뮤직,Streams,4,0.0,0.0
2024-10,2024-07,라인엠컴퍼니,사운드힐즈,야반도주,야반도주,유튜브뮤직,Streams,1,0.0,0.0
2024-10,2024-07,라인엠컴퍼니,하예지,섬,섬,유튜브뮤직,Streams,1,0.023,0.0207
2024-10,2024-07,라인엠컴퍼니,사운드힐즈,야반도주,야반도주,유튜브뮤직,Streams,1,0.0,0.0
2024-10,2024-07,라인엠컴퍼니,사운드힐즈,야반도주,야반도주,유튜브뮤직,Streams,1,0.0,0.0
2024-10,2024-07,라인엠컴퍼니,스원,흘러가야지,너의,유튜브뮤직,Streams,3,1.553,1.3977
2024-10,2024-07,라인엠컴퍼니,Aaron,By my side,By my side,유튜브뮤직,Streams,2,3.352,3.0168
2024-10,2024-07,라인엠컴퍼니,사운드힐즈,야반도주,야반도주,유튜브뮤직,Streams,1,10.089,9.0801
2024-10,2024-07,라인엠컴퍼니,스원,흘러가야지,흘러가야지,유튜브뮤직,Streams,1,0.36,0.324
2024-10,2024-07,라인엠컴퍼니,사운드힐즈,야반도주,기다려,유튜브뮤직,Streams,3,2.097,1.8873
2024-10,2024-07,라인엠컴퍼니,사운드힐즈,방 안에 난 숨었네,다시 너에게,유튜브뮤직,Streams,1,0.688,0.6192
2024-10,2024-07,라인엠컴퍼니,스원,흘러가야지,흘러가야지,유튜브뮤직,Streams,5,0.0,0.0
2024-10,2024-07,라인엠컴퍼니,사운드힐즈,야반도주,기다려,유튜브뮤직,Streams,1,1.036,0.9324
2024-10,2024-07,라인엠컴퍼니,사운드힐즈,방 안에 난 숨었네,방 안에 난 숨었네,유튜브뮤직,Streams,5,33.659,30.2931
2024-10,2024-07,라인엠컴퍼니,하예지,섬,섬,유튜브뮤직,Streams,1,0.688,0.6192
2024-10,2024-07,라인엠컴퍼니,사운드힐즈,방 안에 난 숨었네,방 안에 난 숨었네,유튜브뮤직,Streams,1,10.433,9.3897
2024-10,2024-07,라인엠컴퍼니,나노말,나노말 디저트!,Jellybean,유튜브뮤직,Streams,10,0.0,0.0
2024-10,2024-07,라인엠컴퍼니,스원,흘러가야지,흘러가야지,유튜브뮤직,Streams,1,0.0,0.0
2024-10,2024-07,라인엠컴퍼니,이규소,Roundabout,Roundabout,유튜브뮤직,Streams,1,6.101,5.4909
2024-10,2024-07,라인엠컴퍼니,스원,흘러가야지,흘러가야지,유튜브뮤직,Streams,1,0.0,0.0
2024-10,2024-07,라인엠컴퍼니,나노말,나노말 디저트!,Jellybean,유튜브뮤직,Streams,4,0.041,0.0369
2024-10,2024-07,라인엠컴퍼니,스원,흘러가야지,너의,유튜브뮤직,Streams,34,205.759,185.1831
2024-10,2024-07,라인엠컴퍼니,스원,흘러가야지,흘러가야지,유튜브뮤직,Streams,1,0.0,0.0
2024-10,2024-07,라인엠컴퍼니,사운드힐즈,방 안에 난 숨었네,다시 너에게,유튜브뮤직,Streams,20,122.026,109.82339999999999
2024-10,2024-07,라인엠컴퍼니,스원,흘러가야지,흘러가야지,유튜브뮤직,Streams,4,0.0,0.0
2024-10,2024-07,라인엠컴퍼니,스원,흘러가야지,흘러가야지,유튜브뮤직,Streams,1,2.096,1.8864
2024-10,2024-07,라인엠컴퍼니,사운드힐즈,방 안에 난 숨었네,방 안에 난 숨었네,유튜브뮤직,Streams,3,1.244,1.1196
2024-10,2024-07,라인엠컴퍼니,사운드힐즈,야반도주,야반도주,유튜브뮤직,Streams,3,2.097,1.8873
2024-10,2024-07,라인엠컴퍼니,사운드힐즈,야반도주,야반도주,유튜브뮤직,Streams,2,1.376,1.2384
2024-10,2024-07,라인엠컴퍼니,사운드힐즈,방 안에 난 숨었네,방 안에 난 숨었네,유튜브뮤직,Streams,6,3.644,3.2796000000000003
2024-10,2024-07,라인엠컴퍼니,스원,흘러가야지,너의,유튜브뮤직,Streams,1,0.0,0.0
2024-10,2024-07,라인엠컴퍼니,사운드힐즈,방 안에 난 숨었네,다시 너에게,유튜브뮤직,Streams,9,4.911,4.4199
2024-10,2024-07,라인엠컴퍼니,하예지,섬,섬,유튜브뮤직,Streams,1,0.0,0.0
2024-10,2024-07,라인엠컴퍼니,사운드힐즈,야반도주,야반도주,유튜브뮤직,Streams,3,3.108,2.7972
2024-10,2024-07,라인엠컴퍼니,임광균,Unrealtime,Unrealtime,유튜브뮤직,Streams,1,0.0,0.0
2024-10,2024-07,라인엠컴퍼니,나노말,나노말 디저트!,Jellybean,유튜브뮤직,Streams,4,24.405,21.9645
2024-10,2024-07,라인엠컴퍼니,사운드힐즈,방 안에 난 숨었네,방 안에 난 숨었네,유튜브뮤직,Streams,9,4.91,4.4190000000000005
2024-10,2024-07,라인엠컴퍼니,나노말,나노말 디저트!,Jellybean,유튜브뮤직,Streams,3,18.304,16.473599999999998
2024-10,2024-07,라인엠컴퍼니,스원,흘러가야지,흘러가야지,유튜브뮤직,Streams,1,0.79,0.7110000000000001
2024-10,2024-07,라인엠컴퍼니,사운드힐즈,야반도주,야반도주,유튜브뮤직,Streams,2,0.067,0.060300000000000006
2024-10,2024-07,라인엠컴퍼니,사운드힐즈,방 안에 난 숨었네,다시 너에게,유튜브뮤직,Streams,2,12.202,10.9818
2024-10,2024-07,라인엠컴퍼니,유마,Sugar Rain,Sugar Rain,유튜브뮤직,Streams,1,0.0,0.0
2024-10,2024-07,라인엠컴퍼니,사운드힐즈,야반도주,야반도주,유튜브뮤직,Streams,9,4.911,4.4199
2024-10,2024-07,라인엠컴퍼니,스원,흘러가야지,너의,유튜브뮤직,Streams,3,1.642,1.4778
2024-10,2024-07,라인엠컴퍼니,사운드힐즈,야반도주,기다려,유튜브뮤직,Streams,3,0.0,0.0
2024-10,2024-07,라인엠컴퍼니,스원,흘러가야지,흘러가야지,유튜브뮤직,Streams,1,0.0,0.0
2024-10,2024-07,라인엠컴퍼니,스원,흘러가야지,흘러가야지,유튜브뮤직,Streams,5,0.446,0.40140000000000003
2024-10,2024-07,라인엠컴퍼니,유마,Time Sickness,Time Sickness,유튜브뮤직,Streams,1,5.165,4.6485
2024-10,2024-07,라인엠컴퍼니,스원,흘러가야지,너의,유튜브뮤직,Streams,1,0.159,0.1431
2024-10,2024-07,라인엠컴퍼니,스원,흘러가야지,흘러가야지,유튜브뮤직,Streams,12,73.215,65.8935
2024-10,2024-07,라인엠컴퍼니,이규소,Roundabout,Roundabout,유튜브뮤직,Streams,1,0.0,0.0
2024-10,2024-07,라인엠컴퍼니,사운드힐즈,야반도주,야반도주,유튜브뮤직,Streams,10,0.0,0.0
2024-10,2024-07,라인엠컴퍼니,사운드힐즈,방 안에 난 숨었네,방 안에 난 숨었네,유튜브뮤직,Streams,1,0.0,0.0
2024-10,2024-07,라인엠컴퍼니,스원,흘러가야지,흘러가야지,유튜브뮤직,Streams,2,0.0,0.0
2024-10,2024-07,라인엠컴퍼니,스원,흘러가야지,너의,유튜브뮤직,Streams,1,0.699,0.6291
2024-10,2024-07,라인엠컴퍼니,사운드힐즈,야반도주,기다려,유튜브뮤직,Streams,1,0.0,0.0
2024-10,2024-07,라인엠컴퍼니,스원,흘러가야지,흘러가야지,유튜브뮤직,Streams,1,0.36,0.324
2024-10,2024-07,라인엠컴퍼니,스원,흘러가야지,너의,유튜브뮤직,Streams,2,0.691,0.6219
2024-10,2024-07,라인엠컴퍼니,나노말,나노말 디저트!,Jellybean,유튜브뮤직,Streams,1,0.0,0.0
2024-10,2024-07,라인엠컴퍼니,스원,흘러가야지,흘러가야지,유튜브뮤직,Streams,1,6.101,5.4909
2024-10,2024-07,라인엠컴퍼니,나노말,나노말 디저트!,Jellybean,유튜브뮤직,Streams,8,0.017,0.015300000000000001
2024-10,2024-07,라인엠컴퍼니,스원,흘러가야지,흘러가야지,유튜브뮤직,Streams,1,0.0,0.0
2024-10,2024-07,라인엠컴퍼니,스원,흘러가야지,너의,유튜브뮤직,Streams,2,0.0,0.0
2024-10,2024-07,라인엠컴퍼니,사운드힐즈,야반도주,기다려,유튜브뮤직,Streams,1,0.0,0.0
2024-10,2024-07,라인엠컴퍼니,스원,흘러가야지,흘러가야지,유튜브뮤직,Streams,5,12.431,11.187899999999999
2024-10,2024-07,라인엠컴퍼니,사운드힐즈,야반도주,야반도주,유튜브뮤직,Streams,30,183.038,164.73420000000002
2024-10,2024-07,라인엠컴퍼니,나노말,나노말 디저트!,Jellybean,유튜브뮤직,Streams,1,0.0,0.0
2024-10,2024-07,라인엠컴퍼니,하예지,섬,섬,유튜브뮤직,Streams,1,6.101,5.4909
2024-10,2024-07,라인엠컴퍼니,나노말,나노말 디저트!,lovecheese,유튜브뮤직,Streams,2,12.202,10.9818
2024-10,2024-07,라인엠컴퍼니,안우,gray,gray,유튜브뮤직,Streams,1,6.101,5.4909
2024-10,2024-07,라인엠컴퍼니,사운드힐즈,방 안에 난 숨었네,방 안에 난 숨었네,유튜브뮤직,Streams,1,0.0,0.0
2024-10,2024-07,라인엠컴퍼니,스원,흘러가야지,흘러가야지,유튜브뮤직,Streams,2,0.0,0.0
2024-10,2024-07,라인엠컴퍼니,나노말,나노말 디저트!,Jellybean,유튜브뮤직,Streams,4,0.0,0.0
2024-10,2024-07,라인엠컴퍼니,스원,흘러가야지,너의,유튜브뮤직,Streams,10,0.102,0.09179999999999999
2024-10,2024-07,라인엠컴퍼니,사운드힐즈,야반도주,기다려,유튜브뮤직,Streams,19,115.924,104.33160000000001
